Last Updated (UTC),Ticker,Name,Price,Currency,Last Dividend ($),Last Dividend Date,Frequency,Current Yield,Yield Percentile,Median Annualized Yield,Mean Annualized Yield,Std Dev,Valuation
2026-09-27T17:36:52Z,YTSL.NE,TESLA (TSLA) YIELD SHARES PURPO,16.489999771118164,CAD,0.5,2026-08-27,monthly,0.36385688800971694,0.0,,,,unknown
2026-09-27T17:36:52Z,CNYE.TO,HARVEST COINBASE ENHD HGH INCME,5.170000076293945,CAD,0.15,2026-08-31,monthly,0.3481624706841995,0.0,,,,unknown
2026-09-27T17:36:52Z,MSTE.TO,HARVEST STRAT INC ENH HIGH INCM,2.869999885559082,CAD,0.075,2026-08-31,monthly,0.31358886267853564,0.0,,,,unknown
2026-09-27T17:36:52Z,TSLY.TO,HARVEST TESLA ENHD HIGH INCOME ,6.179999828338623,CAD,0.15,2026-08-31,monthly,0.2912621440126959,0.0,,,,unknown
2026-09-27T17:36:52Z,CONY.TO,HARVEST COINBASE HIGH INCOME SH,5.599999904632568,CAD,0.13,2026-08-31,monthly,0.2785714333154718,0.0,,,,unknown
2026-09-27T17:36:52Z,HHIS.TO,HARVEST DIVERSIFIED HIGH INCOME,11.994999885559082,CAD,0.27,2026-08-31,monthly,0.2701125494716072,0.0,,,,unknown
2026-09-27T17:36:52Z,MSTY.TO,HARVEST STRATEGY INC HI INCOME ,3.2100000381469727,CAD,0.07,2026-08-31,monthly,0.2616822398808769,0.0,,,,unknown
2026-09-27T17:36:52Z,PLTE.TO,HARVEST PALANTIR ENHD HIGH INCM,21.579999923706055,CAD,0.45,2026-08-31,monthly,0.25023169689949787,0.0,,,,unknown
2026-09-27T17:36:52Z,ETHY.TO,PURPOSE ETHER YIELD ETF,1.7000000476837158,CAD,0.035,2026-08-27,monthly,0.2470588165995986,0.0,,,,unknown
2026-09-27T17:36:52Z,LLHE.TO,HARVEST ELI LILLY ENHANCED HI S,10.225000381469727,CAD,0.185,2026-08-31,monthly,0.21711490632540204,0.0,,,,unknown
2026-09-27T17:36:52Z,NVHE.TO,HARVEST NVIDIA ENHANCED HI SHS ,14.220000267028809,CAD,0.25,2026-08-31,monthly,0.21097046017333398,0.0,,,,unknown
2026-09-27T17:36:52Z,UTES.TO,EVOLVE CAD UTIL ENH YIELD IDX F,7.940000057220459,CAD,0.138,2026-08-31,monthly,0.20856423023499485,0.0,,,,unknown
2026-09-27T17:36:52Z,MSHE.TO,HARVEST MICROSOFT ENHANCED HI S,10.154999732971191,CAD,0.16,2026-08-31,monthly,0.189069428900737,0.0,,,,unknown
2026-09-27T17:36:52Z,YNVD.NE,NVIDIA (NVDA) YIELD SHARES PURP,48.279998779296875,CAD,0.75,2026-08-27,monthly,0.1864125979195203,0.0,,,,unknown
2026-09-27T17:36:52Z,METE.TO,HARVEST META ENHD HIGH INCOME S,9.890000343322754,CAD,0.15,2026-08-31,monthly,0.1820020159266498,0.0,,,,unknown
2026-09-27T17:36:52Z,LLYH.TO,HARVEST ELI LILLY HI SHS ETF,10.779999732971191,CAD,0.16,2026-08-31,monthly,0.1781076110908964,0.0,,,,unknown
2026-09-27T17:36:52Z,AMHE.TO,HARVEST AMAZON ENHANCED HIGH IN,13.539999961853027,CAD,0.2,2026-08-31,monthly,0.17725258543291358,0.0,,,,unknown
2026-09-27T17:36:52Z,RS.TO,REAL ESTATE SPLIT CORP,9.050000190734863,CAD,0.13,2026-08-31,monthly,0.17237568697480077,0.0,,,,unknown
2026-09-27T17:36:52Z,NVDH.TO,HARVEST NVIDIA HIGH INCOME SHAR,14.680000305175781,CAD,0.2,2026-08-31,monthly,0.16348773502094707,0.0,,,,unknown
2026-09-27T17:36:52Z,BK.TO,CANADIAN BANC CORP,16.34000015258789,CAD,0.216,2026-08-31,monthly,0.15862912948562521,0.0,,,,unknown
2026-09-27T17:36:52Z,BANK.TO,EVOLVE CDN BANKS LIFECOS ENH YL,11.5600004196167,CAD,0.152,2026-08-31,monthly,0.15778546140056968,0.0,,,,unknown
2026-09-27T17:36:52Z,MSFH.TO,HARVEST MICROSOFT HIGH INCOME S,10.710000038146973,CAD,0.14,2026-08-31,monthly,0.1568627445393241,0.0,,,,unknown
2026-09-27T17:36:52Z,BOND.TO,EVOLVE ENHANCED YIELD BOND FUND,14.850000381469727,CAD,0.19,2026-08-31,monthly,0.15353534959130724,0.0,,,,unknown
2026-09-27T17:36:52Z,DGS.TO,DIVIDEND GROWTH SPLIT CORP. CLA,7.820000171661377,CAD,0.1,2026-08-31,monthly,0.15345268205346566,0.0,,,,unknown
2026-09-27T17:36:52Z,ENCL.TO,GLOBAL X ENH CDN OIL GAS EQTY C,22.329999923706055,CAD,0.27,2026-08-31,monthly,0.14509628352306173,0.0,,,,unknown
2026-09-27T17:36:52Z,BTCY.TO,PURPOSE BITCOIN YIELD ETF,5.34499979019165,CAD,0.064,2026-08-27,monthly,0.14368569319858898,0.0,,,,unknown
2026-09-27T17:36:52Z,AMZH.TO,HARVEST AMAZON HIGH INCOME SHS ,13.569999694824219,CAD,0.16,2026-08-31,monthly,0.141488580926963,0.0,,,,unknown
2026-09-27T17:36:52Z,UMAX.TO,HAMILTON UTILITIES YIELD MAXIMI,12.199999809265137,CAD,0.143,2026-08-31,monthly,0.14065573990393057,0.0,,,,unknown
2026-09-27T17:36:52Z,DFN.TO,DIVIDEND 15 SPLIT CORP,8.779999732971191,CAD,0.1,2026-08-31,monthly,0.13667426383780934,0.0,,,,unknown
2026-09-27T17:36:52Z,QQCL.TO,GLOBAL X ENHNCD NASDAQ 100 CVRD,28.25,CAD,0.315,2026-08-31,monthly,0.1338053097345133,0.0,,,,unknown
2026-09-27T17:36:52Z,FTN.TO,FINANCIAL 15 SPLIT CORP,11.640000343322754,CAD,0.126,2026-08-31,monthly,0.12989690338517504,0.0,,,,unknown
2026-09-27T17:36:52Z,HHLE.TO,HARVEST HEALTHCARE LDRS ENH INC,8.760000228881836,CAD,0.093,2026-08-31,monthly,0.127397256945329,0.0,,,,unknown
2026-09-27T17:36:52Z,LIFE.TO,EVOLVE GLBL HEALTHCARE ENHANCE ,18.0049991607666,CAD,0.19,2026-08-31,monthly,0.1266314971548671,0.0,,,,unknown
2026-09-27T17:36:52Z,QQQY.TO,EVOLVE NASDAQ TECH ENH YLD INDX,31.100000381469727,CAD,0.32,2026-08-31,monthly,0.12347266729578506,0.0,,,,unknown
2026-09-27T17:36:52Z,FMAX.TO,HAMILTON US FINANCIALS YLD MAXI,17.260000228881836,CAD,0.177,2026-08-31,monthly,0.12305909454426467,0.0,,,,unknown
2026-09-27T17:36:52Z,HYLD.TO,HAMILTON ENHANCED US COVERED CA,16.280000686645508,CAD,0.164,2026-08-31,monthly,0.12088451578594535,0.0,,,,unknown
2026-09-27T17:36:52Z,LMAX.TO,HAMILTON HEALTHCARE YIELD MAXIM,14.244999885559082,CAD,0.143,2026-08-31,monthly,0.12046332143109392,0.0,,,,unknown
2026-09-27T17:36:52Z,USCL.TO,GLOBAL X ENHANCED SP 500 CVRD C,25.229999542236328,CAD,0.25,2026-08-31,monthly,0.11890606636666182,0.0,,,,unknown
2026-09-27T17:36:52Z,TRVI.TO,HARVEST TRAVEL AND LEISURE INCO,18.389999389648438,CAD,0.18,2026-08-31,monthly,0.11745514256057259,0.0,,,,unknown
2026-09-27T17:36:52Z,PDIV.TO,PURPOSE ENHANCED DIVIDEND FUND ,9.739999771118164,CAD,0.095,2026-08-27,monthly,0.11704312390031264,0.0,,,,unknown
2026-09-27T17:36:52Z,HMAX.TO,HAMILTON CDN FINANCIAL YLD MAXI,17.690000534057617,CAD,0.169,2026-08-31,monthly,0.11464103667467955,0.0,,,,unknown
2026-09-27T17:36:52Z,GLCC.TO,GLOBAL X GOLD PROD EQUTY CVRD C,55.25,CAD,0.525,2026-08-31,monthly,0.11402714932126698,0.0,,,,unknown
2026-09-27T17:36:52Z,PWI.TO,POWER INFRASTRUCTURE SPLIT CORP,10.550000190734863,CAD,0.1,2026-08-31,monthly,0.11374407377298956,0.0,,,,unknown
2026-09-27T17:36:52Z,BKCL.TO,GLOBAL X ENHNC EQL WGHT CDN BNK,27.010000228881836,CAD,0.255,2026-08-31,monthly,0.11329137260531887,0.0,,,,unknown
2026-09-27T17:36:52Z,HDIF.TO,HARVEST DIVERSIFIED MONTHLY INC,9.539999961853027,CAD,0.09,2026-08-31,monthly,0.11320754762248693,0.0,,,,unknown
2026-09-27T17:36:52Z,RMAX.TO,HAMILTON REITS YIELD MAXIMIZER ,15.585000038146973,CAD,0.147,2026-08-31,monthly,0.11318575525712582,0.0,,,,unknown
2026-09-27T17:36:52Z,BASE.TO,EVOLVE GLOB MATLS MINING ENH YL,28.639999389648438,CAD,0.27,2026-08-31,monthly,0.11312849403101094,0.0,,,,unknown
2026-09-27T17:36:52Z,PDV.TO,PRIME DIVIDEND CORP. CL A,14.930000305175781,CAD,0.139,2026-08-31,monthly,0.11172136409278939,0.0,,,,unknown
2026-09-27T17:36:52Z,LEAD.TO,EVOLVE FUTURE LEADERSHIP ETF HE,22.59000015258789,CAD,0.21,2026-08-31,monthly,0.11155378410704929,0.0,,,,unknown
2026-09-27T17:36:52Z,PIC-A.TO,PREMIUM INCOME A,9.819999694824219,CAD,0.09,2026-09-15,monthly,0.10997963681905516,0.0,,,,unknown
2026-09-27T17:36:52Z,CALL.TO,EVOLVE US BANKS ENHANCED YIELD ,13.649999618530273,CAD,0.125,2026-08-31,monthly,0.10989011296115395,0.0,,,,unknown
2026-09-27T17:36:52Z,EQCL.TO,GLOBAL X ENH EQTY ASSET ALLOC C,25.8700008392334,CAD,0.235,2026-08-31,monthly,0.10900656778191138,0.0,,,,unknown
2026-09-27T17:36:52Z,GDV.TO,GLOBAL DIVIDEND GROWTH SPLIT CO,11.140000343322754,CAD,0.1,2026-08-31,monthly,0.10771992486690296,0.0,,,,unknown
2026-09-27T17:36:52Z,EMCL.NE,GLOBAL X ENHANCED MSCI EMERGING,25.93000030517578,CAD,0.23,2026-08-31,monthly,0.10644041525325736,0.0,,,,unknown
2026-09-27T17:36:52Z,HUTE.TO,HARVEST UTILITIES LEADERS ENH I,10.829999923706055,CAD,0.095,2026-08-31,monthly,0.10526315863628272,0.0,,,,unknown
2026-09-27T17:36:52Z,ENS.TO,E SPLIT CORP,16.06999969482422,CAD,0.14,2026-08-31,monthly,0.10454262799650768,0.0,,,,unknown
2026-09-27T17:36:52Z,BMAX.TO,BROMPTON ENHANCED MULTI ASSET I,14.930000305175781,CAD,0.13,2026-08-31,monthly,0.10448760670548647,0.0,,,,unknown
2026-09-27T17:36:52Z,ESPX.TO,EVOLVE SP 500 ENHANCED YIELD FU,26.170000076293945,CAD,0.225,2026-08-31,monthly,0.10317157019979496,0.0,,,,unknown
2026-09-27T17:36:52Z,SMAX.TO,HAMILTON US EQUITY YIELD MAXIMI,23.299999237060547,CAD,0.2,2026-08-31,monthly,0.10300429521828502,0.0,,,,unknown
2026-09-27T17:36:52Z,QMAX.TO,HAMILTON TECHNOLOGY YIELD MAXIM,27.049999237060547,CAD,0.23,2026-08-31,monthly,0.10203327459686547,0.0,,,,unknown
2026-09-27T17:36:52Z,HBIE.TO,HARVEST BALANCED INCOME AND GRT,23.530000686645508,CAD,0.2,2026-08-31,monthly,0.10199744708728906,0.0,,,,unknown
2026-09-27T17:36:52Z,AMAX.TO,HAMILTON GOLD PRODUCER YLD MAXI,35.58000183105469,CAD,0.3,2026-08-31,monthly,0.1011804332415147,0.0,,,,unknown
2026-09-27T17:36:52Z,IS.TO,INFRASTRUCTURE DIVIDEND SPLIT C,17.899999618530273,CAD,0.15,2026-08-31,monthly,0.1005586613608986,0.0,,,,unknown
2026-09-27T17:36:52Z,HBND.TO,HAMILTON US BOND YLD MAXIMIZER ,11.140000343322754,CAD,0.093,2026-08-31,monthly,0.10017953012621975,0.0,,,,unknown
2026-09-27T17:36:52Z,PGI-UN.TO,PIMCO GLOBAL INC OPPORTUNITIES ,6.849999904632568,CAD,0.057,2026-08-31,monthly,0.099854015988733,0.0,,,,unknown
2026-09-27T17:36:52Z,EMAX.TO,HAMILTON ENERGY YIELD MAXIMIZER,17.600000381469727,CAD,0.145,2026-08-31,monthly,0.09886363422082478,0.0,,,,unknown
2026-09-27T17:36:52Z,HPYT.TO,HARVEST PREMIUM YIELD TREASURY ,7.284999847412109,CAD,0.06,2026-08-31,monthly,0.09883322101314382,0.0,,,,unknown
2026-09-27T17:36:52Z,BNK.TO,BIG BANC SPLIT CORP,14.600000381469727,CAD,0.12,2026-08-31,monthly,0.09863013440928696,0.0,,,,unknown
2026-09-27T17:36:52Z,HTAE.TO,HARVEST TECH LEADERS ENHANCED I,21.34000015258789,CAD,0.175,2026-08-31,monthly,0.09840674718764394,0.0,,,,unknown
2026-09-27T17:36:52Z,HDIV.TO,HAMILTON ENHANCED CDN COVERED C,23.799999237060547,CAD,0.194,2026-08-31,monthly,0.0978151291860093,0.0,,,,unknown
2026-09-27T17:36:52Z,EBNK.TO,EVOLVE EUROPEAN BANKS ENHANCED ,17.850000381469727,CAD,0.145,2026-08-31,monthly,0.09747898951342948,0.0,,,,unknown
2026-09-27T17:36:52Z,EACL.NE,GLOBAL X ENHANCED MSCI EAFE COV,22.700000762939453,CAD,0.175,2026-08-31,monthly,0.09251101010659472,0.0,,,,unknown
2026-09-27T17:36:52Z,LBS.TO,LIFE & BANC SPLIT CORP.,13.130000114440918,CAD,0.1,2026-08-31,monthly,0.09139375396350458,0.0,,,,unknown
2026-09-27T17:36:52Z,ETSX.TO,EVOLVE SP TSX60 ENHANCED YIELD ,24.719999313354492,CAD,0.188,2026-08-31,monthly,0.09126213845731139,0.0,,,,unknown
2026-09-27T17:36:52Z,BKCC.TO,GLOBAL X EQL WT CDN BANK CVRD C,19.200000762939453,CAD,0.145,2026-08-31,monthly,0.09062499639888617,0.0,,,,unknown
2026-09-27T17:36:52Z,SBC.TO,"BROMPTON SPLIT BANC CORP., CL A",13.279999732971191,CAD,0.1,2026-08-31,monthly,0.09036144760008358,0.0,,,,unknown
2026-09-27T17:36:52Z,BEPR.TO,BROMPTON FLAHERTY CRUMINE ENHAN,8.199999809265137,CAD,0.06,2026-08-31,monthly,0.08780488009115266,0.0,,,,unknown
2026-09-27T17:36:52Z,PAYF.TO,PURPOSE ENHANCED PREMIUM YIELD ,18.889999389648438,CAD,0.138,2026-08-27,monthly,0.08766543427775197,0.0,,,,unknown
2026-09-27T17:36:52Z,HUBL.TO,HARVEST US BANK LEADERS INCOME ,14.210000038146973,CAD,0.1,2026-08-31,monthly,0.08444757190560034,0.0,,,,unknown
2026-09-27T17:36:52Z,CNCL.TO,GLOBAL X ENHANCED SP TSX 60 CVC,24.15999984741211,CAD,0.17,2026-08-31,monthly,0.08443708662599657,0.0,,,,unknown
2026-09-27T17:36:52Z,HBF.TO,HARVEST US EQUITY LEADERS INCOM,10.850000381469727,CAD,0.075,2026-08-31,monthly,0.08294930583938719,0.0,,,,unknown
2026-09-27T17:36:52Z,FLX.TO,PURPOSE GLBL FLEXIBLE CREDIT FN,6.659999847412109,CAD,0.046,2026-08-27,monthly,0.08288288478182051,0.0,,,,unknown
2026-09-27T17:36:52Z,HGY.TO,GLOBAL X GOLD YIELD ETF,14.470000267028809,CAD,0.095,2026-08-31,monthly,0.07878368894004738,0.0,,,,unknown
2026-09-27T17:36:52Z,HIND.TO,HARVEST INDUSTRIAL LEADERS INCO,13.359999656677246,CAD,0.085,2026-08-31,monthly,0.07634730735118023,0.0,,,,unknown
2026-09-27T17:36:52Z,HPF.TO,HARVEST ENERGY LEADERS INCOME E,4.03000020980835,CAD,0.025,2026-08-31,monthly,0.07444168346935814,0.0,,,,unknown
2026-09-27T17:36:52Z,HGR.TO,HARVEST REIT LEADERS INCOME ETF,4.925000190734863,CAD,0.03,2026-08-31,monthly,0.0730964438696365,0.0,,,,unknown
2026-09-27T17:36:52Z,LCS.TO,"BROMPTON LIFECO SPLIT CORP, CLA",12.470000267028809,CAD,0.075,2026-08-31,monthly,0.07217321417222715,0.0,,,,unknown
2026-09-27T17:36:52Z,MFT.TO,MACKENZIE FLOATING RATE INCOME ,15.829999923706055,CAD,0.093,2026-09-01,monthly,0.07049905277186677,0.0,,,,unknown
2026-09-27T17:36:52Z,MREL.TO,MIDDLEFIELD REAL ESTATE DIVIDEN,12.8100004196167,CAD,0.075,2026-08-31,monthly,0.07025760893979188,0.0,,,,unknown
2026-09-27T17:36:52Z,EIT-UN.TO,CANOE EIT INCOME FUND UNITS,17.450000762939453,CAD,0.1,2026-09-22,monthly,0.06876790530282247,0.0,,,,unknown
2026-09-27T17:36:52Z,HLIF.TO,HARVEST CDN DIVIDEND LEADERS IN,12.550000190734863,CAD,0.07,2026-08-31,monthly,0.06693226989909823,0.0,,,,unknown
2026-09-27T17:36:52Z,PYF-U.TO,PURPOSE PREMIUM YIELD FUND NH U,18.93000030517578,USD,0.105,2026-08-27,monthly,0.06656101319002593,0.0,,,,unknown
2026-09-27T17:36:52Z,HUTS.TO,HAMILTON ENHANCED UTILITIES ETF,14.010000228881836,CAD,0.073,2026-08-31,monthly,0.06252676557378722,0.0,,,,unknown
2026-09-27T17:36:52Z,HPYM.TO,HARVEST PREM YLD 7 10 YR TREASU,9.65999984741211,CAD,0.05,2026-08-31,monthly,0.062111802223344614,0.0,,,,unknown
2026-09-27T17:36:52Z,MID-UN.TO,MINT INCOME FUND,8.220000267028809,CAD,0.04,2026-08-31,monthly,0.05839415868699238,0.0,,,,unknown
2026-09-27T17:36:52Z,ZFH.TO,BMO FLOATING RATE HIGH YIELD ET,15.079999923706055,CAD,0.06,2026-08-28,monthly,0.04774535833174282,0.0,,,,unknown
2026-09-27T17:36:52Z,HBIL.TO,HAM US T BILL YLD MAX CDN HG ET,14.279999732971191,CAD,0.053,2026-08-31,monthly,0.04453781595888515,0.0,,,,unknown
2026-09-27T17:36:52Z,HCAL.TO,HAMILTON ENHANCED CANADIAN BANK,49.150001525878906,CAD,0.14,2026-08-31,monthly,0.03418107727047437,0.0,,,,unknown
2026-09-27T17:36:52Z,HFIN.TO,HAMILTON ENHANCED CDN FINANCIAL,31.979999542236328,CAD,0.085,2026-08-31,monthly,0.031894934790504766,0.0,,,,unknown
2026-09-27T17:36:52Z,CASH.TO,GLOBAL X HIGH INTEREST SAVINGS ,50.09000015258789,CAD,0.084,2026-08-31,monthly,0.020123777139735583,0.0,,,,unknown
2026-09-27T17:36:52Z,PIC-PRA.TO,PIC-PRA.TO,,,0.0,,annual,,0.0,,,,unknown
2026-09-27T17:36:52Z,SSF-UN.TO,SSF-UN.TO,,,0.0,,monthly,,0.0,,,,unknown
