date,ticker,price,div_12m,yield_ttm
2024-02-07,AMAX.TO,15.8100004196167,0.0,0.0
2024-02-08,AMAX.TO,15.649999618530272,0.0,0.0
2024-02-09,AMAX.TO,15.470000267028809,0.0,0.0
2024-02-12,AMAX.TO,15.609999656677246,0.0,0.0
2024-02-13,AMAX.TO,14.979999542236328,0.0,0.0
2024-02-14,AMAX.TO,15.0600004196167,0.0,0.0
2024-02-15,AMAX.TO,15.380000114440918,0.0,0.0
2024-02-16,AMAX.TO,15.489999771118164,0.0,0.0
2024-02-20,AMAX.TO,15.579999923706056,0.0,0.0
2024-02-21,AMAX.TO,15.380000114440918,0.0,0.0
2024-02-22,AMAX.TO,14.970000267028809,0.0,0.0
2024-02-23,AMAX.TO,15.31999969482422,0.0,0.0
2024-02-26,AMAX.TO,15.0600004196167,0.0,0.0
2024-02-27,AMAX.TO,15.029999732971191,0.0,0.0
2024-02-28,AMAX.TO,14.760000228881836,0.147,0.0099593494390573
2024-02-29,AMAX.TO,15.079999923706056,0.147,0.0097480106593974
2024-03-01,AMAX.TO,15.59000015258789,0.147,0.0094291211392707
2024-03-04,AMAX.TO,16.100000381469727,0.147,0.0091304345662742
2024-03-05,AMAX.TO,16.18000030517578,0.147,0.0090852903107162
2024-03-06,AMAX.TO,16.399999618530273,0.147,0.0089634148426385
2024-03-07,AMAX.TO,16.540000915527344,0.147,0.0088875448526728
2024-03-08,AMAX.TO,16.639999389648438,0.147,0.0088341349394187
2024-03-11,AMAX.TO,16.899999618530273,0.147,0.0086982250484088
2024-03-12,AMAX.TO,16.549999237060547,0.147,0.008882175636046
2024-03-13,AMAX.TO,16.90999984741211,0.147,0.0086930810955918
2024-03-14,AMAX.TO,16.610000610351562,0.147,0.0088500899818382
2024-03-15,AMAX.TO,16.760000228881836,0.147,0.0087708829351136
2024-03-18,AMAX.TO,16.5,0.147,0.0089090909090909
2024-03-19,AMAX.TO,16.280000686645508,0.147,0.0090294836486453
2024-03-20,AMAX.TO,16.719999313354492,0.147,0.0087918663897664
2024-03-21,AMAX.TO,16.729999542236328,0.147,0.0087866111190789
2024-03-22,AMAX.TO,16.65999984741211,0.147,0.0088235294925788
2024-03-25,AMAX.TO,16.739999771118164,0.147,0.0087813621272338
2024-03-26,AMAX.TO,16.739999771118164,0.147,0.0087813621272338
2024-03-27,AMAX.TO,17.09000015258789,0.294,0.0172030425614408
2024-03-28,AMAX.TO,17.420000076293945,0.294,0.0168771526241317
2024-04-01,AMAX.TO,17.59000015258789,0.294,0.0167140419243683
2024-04-02,AMAX.TO,17.780000686645508,0.294,0.0165354324322845
2024-04-03,AMAX.TO,18.13999938964844,0.294,0.0162072772818157
2024-04-04,AMAX.TO,18.15999984741211,0.294,0.0161894274488056
2024-04-05,AMAX.TO,18.540000915527344,0.294,0.015857604394926
2024-04-08,AMAX.TO,18.530000686645508,0.294,0.0158661623910183
2024-04-09,AMAX.TO,18.790000915527344,0.294,0.0156466197804732
2024-04-10,AMAX.TO,18.75,0.294,0.01568
2024-04-11,AMAX.TO,19.059999465942383,0.294,0.0154249741992562
2024-04-12,AMAX.TO,18.96999931335449,0.294,0.015498155542527
2024-04-15,AMAX.TO,18.75,0.294,0.01568
2024-04-16,AMAX.TO,18.649999618530277,0.294,0.0157640753894647
2024-04-17,AMAX.TO,18.71999931335449,0.294,0.0157051287811888
2024-04-18,AMAX.TO,18.81999969482422,0.294,0.015621679318138
2024-04-19,AMAX.TO,18.8700008392334,0.294,0.0155802854755964
2024-04-22,AMAX.TO,18.100000381469727,0.294,0.0162430935803177
2024-04-23,AMAX.TO,18.280000686645508,0.294,0.0160831503805567
2024-04-24,AMAX.TO,18.3700008392334,0.294,0.0160043541953517
2024-04-25,AMAX.TO,18.729999542236328,0.294,0.0156967435763694
2024-04-26,AMAX.TO,18.8700008392334,0.294,0.0155802854755964
2024-04-29,AMAX.TO,18.8799991607666,0.4509999999999999,0.0238877129262376
2024-04-30,AMAX.TO,18.270000457763672,0.4509999999999999,0.0246852757909128
2024-05-01,AMAX.TO,18.31999969482422,0.4509999999999999,0.0246179043402176
2024-05-02,AMAX.TO,18.209999084472656,0.4509999999999999,0.0247666129969528
2024-05-03,AMAX.TO,18.239999771118164,0.4509999999999999,0.0247258775032513
2024-05-06,AMAX.TO,18.549999237060547,0.4509999999999999,0.024312669463563
2024-05-07,AMAX.TO,18.59000015258789,0.4509999999999999,0.0242603548304552
2024-05-08,AMAX.TO,18.61000061035156,0.4509999999999999,0.0242342818489289
2024-05-09,AMAX.TO,19.209999084472656,0.4509999999999999,0.0234773566628923
2024-05-10,AMAX.TO,19.25,0.4509999999999999,0.0234285714285714
2024-05-13,AMAX.TO,19.06999969482422,0.4509999999999999,0.0236497119673476
2024-05-14,AMAX.TO,19.290000915527344,0.4509999999999999,0.0233799885222903
2024-05-15,AMAX.TO,19.489999771118164,0.4509999999999999,0.0231400721034552
2024-05-16,AMAX.TO,19.420000076293945,0.4509999999999999,0.0232234808562404
2024-05-17,AMAX.TO,19.8799991607666,0.4509999999999999,0.0226861176578947
2024-05-21,AMAX.TO,20.13999938964844,0.4509999999999999,0.0223932479477534
2024-05-22,AMAX.TO,19.5,0.4509999999999999,0.0231282051282051
2024-05-23,AMAX.TO,19.26000022888184,0.4509999999999999,0.0234164067829911
2024-05-24,AMAX.TO,19.36000061035156,0.4509999999999999,0.0232954538110321
2024-05-27,AMAX.TO,19.709999084472656,0.4509999999999999,0.022881786958341
2024-05-28,AMAX.TO,19.76000022888184,0.4509999999999999,0.022823886375305
2024-05-29,AMAX.TO,19.440000534057617,0.4509999999999999,0.0231995878400248
2024-05-30,AMAX.TO,19.59000015258789,0.4509999999999999,0.0230219497951571
2024-05-31,AMAX.TO,19.25,0.616,0.032
2024-06-03,AMAX.TO,19.290000915527344,0.616,0.0319336428597136
2024-06-04,AMAX.TO,18.57999992370605,0.616,0.0331539290920045
2024-06-05,AMAX.TO,18.850000381469727,0.616,0.0326790444315084
2024-06-06,AMAX.TO,19.36000061035156,0.616,0.0318181808150683
2024-06-07,AMAX.TO,18.420000076293945,0.616,0.0334419108278276
2024-06-10,AMAX.TO,18.649999618530277,0.616,0.0330294912922118
2024-06-11,AMAX.TO,18.420000076293945,0.616,0.0334419108278276
2024-06-12,AMAX.TO,18.56999969482422,0.616,0.0331717829899421
2024-06-13,AMAX.TO,18.059999465942383,0.616,0.0341085281404163
2024-06-14,AMAX.TO,18.18000030517578,0.616,0.0338833877700555
2024-06-17,AMAX.TO,18.1200008392334,0.616,0.0339955834144465
2024-06-18,AMAX.TO,18.3700008392334,0.616,0.0335329325997845
2024-06-19,AMAX.TO,18.299999237060547,0.616,0.0336612035891508
2024-06-20,AMAX.TO,18.75,0.616,0.0328533333333333
2024-06-21,AMAX.TO,18.59000015258789,0.616,0.033136094402573
2024-06-24,AMAX.TO,18.65999984741211,0.616,0.0330117901949195
2024-06-25,AMAX.TO,18.440000534057617,0.616,0.033405638945741
2024-06-26,AMAX.TO,18.6200008392334,0.616,0.0330827052758264
2024-06-27,AMAX.TO,18.86000061035156,0.616,0.0326617168645212
2024-06-28,AMAX.TO,18.559999465942383,0.783,0.0421875012139308
2024-07-02,AMAX.TO,18.36000061035156,0.783,0.0426470574057898
2024-07-03,AMAX.TO,19.049999237060547,0.783,0.0411023638508459
2024-07-04,AMAX.TO,19.209999084472656,0.783,0.0407600227650658
2024-07-05,AMAX.TO,19.59000015258789,0.783,0.0399693718173128
2024-07-08,AMAX.TO,19.43000030517578,0.783,0.0402985068297412
2024-07-09,AMAX.TO,19.549999237060547,0.783,0.0400511524581383
2024-07-10,AMAX.TO,19.940000534057617,0.783,0.039267802358512
2024-07-11,AMAX.TO,20.399999618530277,0.783,0.0383823536589071
2024-07-12,AMAX.TO,20.459999084472656,0.783,0.0382697964338731
2024-07-15,AMAX.TO,20.440000534057617,0.783,0.0383072397036069
2024-07-16,AMAX.TO,20.93000030517578,0.783,0.0374104151258121
2024-07-17,AMAX.TO,20.61000061035156,0.783,0.0379912652504595
2024-07-18,AMAX.TO,20.3700008392334,0.783,0.0384388791232601
2024-07-19,AMAX.TO,20.200000762939453,0.783,0.0387623747735967
2024-07-22,AMAX.TO,20.229999542236328,0.783,0.0387048945980076
2024-07-23,AMAX.TO,20.38999938964844,0.783,0.0384011781970681
2024-07-24,AMAX.TO,20.32999992370605,0.783,0.0385145107200405
2024-07-25,AMAX.TO,19.850000381469727,0.783,0.0394458430706602
2024-07-26,AMAX.TO,19.924999237060547,0.783,0.0392973666239152
2024-07-29,AMAX.TO,20.1299991607666,0.783,0.0388971700270146
2024-07-30,AMAX.TO,20.280000686645508,0.783,0.0386094661483719
2024-07-31,AMAX.TO,20.489999771118164,0.95,0.0463640805569495
2024-08-01,AMAX.TO,20.32999992370605,0.95,0.0467289721379802
2024-08-02,AMAX.TO,19.88999938964844,0.95,0.0477626962871813
2024-08-06,AMAX.TO,19.280000686645508,0.95,0.0492738571663032
2024-08-07,AMAX.TO,18.799999237060547,0.95,0.0505319169442975
2024-08-08,AMAX.TO,19.030000686645508,0.95,0.049921175287538
2024-08-09,AMAX.TO,19.07999992370605,0.95,0.0497903565932234
2024-08-12,AMAX.TO,19.600000381469727,0.95,0.0484693868117549
2024-08-13,AMAX.TO,19.780000686645508,0.95,0.0480283097584214
2024-08-14,AMAX.TO,19.71999931335449,0.95,0.0481744438680915
2024-08-15,AMAX.TO,19.790000915527344,0.95,0.048004040224911
2024-08-16,AMAX.TO,20.209999084472656,0.95,0.0470064345886034
2024-08-19,AMAX.TO,20.549999237060547,0.95,0.0462287121785746
2024-08-20,AMAX.TO,20.790000915527344,0.95,0.0456950436827772
2024-08-21,AMAX.TO,20.799999237060547,0.95,0.0456730785983554
2024-08-22,AMAX.TO,20.350000381469727,0.95,0.0466830458079524
2024-08-23,AMAX.TO,20.36000061035156,0.95,0.0466601164794167
2024-08-26,AMAX.TO,20.309999465942383,0.95,0.0467749889207552
2024-08-27,AMAX.TO,20.209999084472656,0.95,0.0470064345886034
2024-08-28,AMAX.TO,19.850000381469727,0.95,0.0478589411457563
2024-08-29,AMAX.TO,20.049999237060547,0.95,0.0473815479376185
2024-08-30,AMAX.TO,19.71999931335449,1.116,0.0565922940597791
2024-09-03,AMAX.TO,19.18000030517578,1.116,0.0581856090846278
2024-09-04,AMAX.TO,19.020000457763672,1.116,0.0586750774521914
2024-09-05,AMAX.TO,19.174999237060547,1.116,0.0582007845842855
2024-09-06,AMAX.TO,18.82999992370605,1.116,0.0592671271652534
2024-09-09,AMAX.TO,18.989999771118164,1.116,0.0587677732201619
2024-09-10,AMAX.TO,19.209999084472656,1.116,0.0580947450904387
2024-09-11,AMAX.TO,19.299999237060547,1.116,0.0578238364826987
2024-09-12,AMAX.TO,20.290000915527344,1.116,0.0550024617862859
2024-09-13,AMAX.TO,20.739999771118164,1.116,0.0538090652032747
2024-09-16,AMAX.TO,20.75,1.116,0.0537831325301204
2024-09-17,AMAX.TO,20.6299991607666,1.116,0.0540959789335507
2024-09-18,AMAX.TO,20.43000030517578,1.116,0.0546255498448167
2024-09-19,AMAX.TO,20.5,1.116,0.0544390243902439
2024-09-20,AMAX.TO,20.81999969482422,1.116,0.0536023062611972
2024-09-23,AMAX.TO,20.795000076293945,1.116,0.0536667466172422
2024-09-24,AMAX.TO,21.020000457763672,1.116,0.0530922918980151
2024-09-25,AMAX.TO,21.059999465942383,1.116,0.0529914543352559
2024-09-26,AMAX.TO,21.190000534057617,1.116,0.05266635072549
2024-09-27,AMAX.TO,20.549999237060547,1.282,0.0623844305399291
2024-09-30,AMAX.TO,20.149999618530277,1.282,0.0636228299885947
2024-10-01,AMAX.TO,20.450000762939453,1.282,0.062689484213776
2024-10-02,AMAX.TO,20.46999931335449,1.282,0.062628238544377
2024-10-03,AMAX.TO,20.26000022888184,1.282,0.0632773931647065
2024-10-04,AMAX.TO,20.23500061035156,1.282,0.0633555701176589
2024-10-07,AMAX.TO,20.07999992370605,1.282,0.0638446217565218
2024-10-08,AMAX.TO,20.040000915527344,1.282,0.0639720529656605
2024-10-09,AMAX.TO,20.07999992370605,1.282,0.0638446217565218
2024-10-10,AMAX.TO,20.600000381469727,1.282,0.0622330085563102
2024-10-11,AMAX.TO,20.71999931335449,1.282,0.0618725889229988
2024-10-15,AMAX.TO,20.940000534057617,1.282,0.0612225390307371
2024-10-16,AMAX.TO,21.125,1.282,0.0606863905325443
2024-10-17,AMAX.TO,21.479999542236328,1.282,0.0596834277151259
2024-10-18,AMAX.TO,22.299999237060547,1.282,0.0574887912045052
2024-10-21,AMAX.TO,22.38999938964844,1.282,0.0572577058931366
2024-10-22,AMAX.TO,22.790000915527344,1.282,0.0562527401710872
2024-10-23,AMAX.TO,22.3700008392334,1.282,0.0573088936926447
2024-10-24,AMAX.TO,22.26000022888184,1.282,0.0575920928489764
2024-10-25,AMAX.TO,22.040000915527344,1.282,0.0581669667307872
2024-10-28,AMAX.TO,21.924999237060547,1.282,0.0584720658887409
2024-10-29,AMAX.TO,22.299999237060547,1.282,0.0574887912045052
2024-10-30,AMAX.TO,22.01000022888184,1.282,0.0582462510980686
2024-10-31,AMAX.TO,21.190000534057617,1.448,0.0683341181456179
2024-11-01,AMAX.TO,21.020000457763672,1.448,0.068886773000292
2024-11-04,AMAX.TO,20.88999938964844,1.448,0.0693154639687315
2024-11-05,AMAX.TO,20.959999084472656,1.448,0.0690839724832187
2024-11-06,AMAX.TO,20.5,1.448,0.0706341463414634
2024-11-07,AMAX.TO,20.8799991607666,1.448,0.069348661791174
2024-11-08,AMAX.TO,20.63999938964844,1.448,0.0701550408342654
2024-11-11,AMAX.TO,19.405000686645508,1.448,0.0746199406731539
2024-11-12,AMAX.TO,19.1299991607666,1.448,0.0756926326985773
2024-11-13,AMAX.TO,18.8799991607666,1.448,0.0766949186633971
2024-11-14,AMAX.TO,19.05500030517578,1.448,0.0759905524434281
2024-11-15,AMAX.TO,18.920000076293945,1.448,0.0765327692474108
2024-11-18,AMAX.TO,19.68000030517578,1.448,0.0735772346314029
2024-11-19,AMAX.TO,19.96500015258789,1.448,0.0725269215593924
2024-11-20,AMAX.TO,19.88999938964844,1.448,0.0728004044461458
2024-11-21,AMAX.TO,20.09000015258789,1.448,0.0720756589846753
2024-11-22,AMAX.TO,20.25,1.448,0.0715061728395061
2024-11-25,AMAX.TO,19.68000030517578,1.448,0.0735772346314029
2024-11-26,AMAX.TO,19.899999618530277,1.448,0.0727638204903112
2024-11-27,AMAX.TO,19.799999237060547,1.448,0.0731313159492306
2024-11-28,AMAX.TO,19.920000076293945,1.448,0.0726907627738019
2024-11-29,AMAX.TO,19.780000686645508,1.615,0.0816481265893165
2024-12-02,AMAX.TO,19.450000762939453,1.615,0.0830334157660941
2024-12-03,AMAX.TO,20.01000022888184,1.615,0.0807096442542243
2024-12-04,AMAX.TO,19.8700008392334,1.615,0.0812783055756684
2024-12-05,AMAX.TO,19.709999084472656,1.615,0.0819381062920637
2024-12-06,AMAX.TO,19.53499984741211,1.615,0.0826721275973773
2024-12-09,AMAX.TO,19.959999084472656,1.615,0.0809118273585666
2024-12-10,AMAX.TO,20.030000686645508,1.615,0.0806290536513441
2024-12-11,AMAX.TO,20.649999618530277,1.615,0.0782082338902699
2024-12-12,AMAX.TO,20.149999618530277,1.615,0.0801488848920284
2024-12-13,AMAX.TO,19.75,1.615,0.0817721518987341
2024-12-16,AMAX.TO,19.545000076293945,1.615,0.0826298282781194
2024-12-17,AMAX.TO,19.459999084472656,1.615,0.0829907541613722
2024-12-18,AMAX.TO,18.780000686645508,1.615,0.0859957370048676
2024-12-19,AMAX.TO,18.59000015258789,1.615,0.086874663084668
2024-12-20,AMAX.TO,18.84000015258789,1.615,0.0857218676709066
2024-12-23,AMAX.TO,18.8799991607666,1.615,0.0855402580396314
2024-12-24,AMAX.TO,18.8700008392334,1.615,0.0855855817792115
2024-12-27,AMAX.TO,18.84000015258789,1.615,0.0857218676709066
2024-12-30,AMAX.TO,18.43000030517578,1.615,0.0876288645283664
2024-12-31,AMAX.TO,18.420000076293945,1.783,0.0967969594253516
2025-01-02,AMAX.TO,19.190000534057617,1.783,0.0929129729223094
2025-01-03,AMAX.TO,19.18000030517578,1.783,0.0929614166647772
2025-01-06,AMAX.TO,18.770000457763672,1.783,0.0949920062075711
2025-01-07,AMAX.TO,19.100000381469727,1.783,0.0933507834758901
2025-01-08,AMAX.TO,19.5,1.783,0.0914358974358974
2025-01-09,AMAX.TO,19.549999237060547,1.783,0.0912020495949688
2025-01-10,AMAX.TO,19.63999938964844,1.783,0.0907841168742478
2025-01-13,AMAX.TO,19.26000022888184,1.783,0.0925752844657943
2025-01-14,AMAX.TO,19.57999992370605,1.783,0.0910623088328653
2025-01-15,AMAX.TO,19.71999931335449,1.783,0.0904158246492707
2025-01-16,AMAX.TO,19.63999938964844,1.783,0.0907841168742478
2025-01-17,AMAX.TO,19.8700008392334,1.783,0.0897332624405057
2025-01-20,AMAX.TO,19.799999237060547,1.783,0.0900505085203578
2025-01-21,AMAX.TO,20.07999992370605,1.783,0.0887948210545073
2025-01-22,AMAX.TO,20.190000534057617,1.783,0.0883110427358501
2025-01-23,AMAX.TO,20.040000915527344,1.783,0.0889720518235356
2025-01-24,AMAX.TO,20.274999618530277,1.783,0.0879408154646983
2025-01-27,AMAX.TO,20.030000686645508,1.783,0.0890164722355087
2025-01-28,AMAX.TO,20.274999618530277,1.783,0.0879408154646983
2025-01-29,AMAX.TO,20.34000015258789,1.783,0.0876597830198711
2025-01-30,AMAX.TO,21.100000381469727,1.783,0.0845023681405168
2025-01-31,AMAX.TO,20.81999969482422,1.95,0.0936599437359628
2025-02-03,AMAX.TO,21.09000015258789,1.95,0.092460881265604
2025-02-04,AMAX.TO,21.01000022888184,1.95,0.0928129452049882
2025-02-05,AMAX.TO,21.5,1.95,0.0906976744186046
2025-02-06,AMAX.TO,21.479999542236328,1.95,0.0907821248397001
2025-02-07,AMAX.TO,21.440000534057617,1.95,0.090951490271766
2025-02-10,AMAX.TO,21.920000076293945,1.95,0.0889598537049681
2025-02-11,AMAX.TO,21.65999984741211,1.95,0.0900277014652417
2025-02-12,AMAX.TO,21.940000534057617,1.95,0.0888787580917785
2025-02-13,AMAX.TO,21.93000030517578,1.95,0.0889192874082985
2025-02-14,AMAX.TO,21.38999938964844,1.95,0.091164097972985
2025-02-18,AMAX.TO,21.670000076293945,1.95,0.0899861556591878
2025-02-19,AMAX.TO,21.75,1.95,0.0896551724137931
2025-02-20,AMAX.TO,21.940000534057617,1.95,0.0888787580917785
2025-02-21,AMAX.TO,21.57999992370605,1.95,0.0903614461025964
2025-02-24,AMAX.TO,21.65999984741211,1.95,0.0900277014652417
2025-02-25,AMAX.TO,21.5,1.95,0.0906976744186046
2025-02-26,AMAX.TO,21.84000015258789,1.95,0.0892857136619084
2025-02-27,AMAX.TO,21.190000534057617,1.803,0.0850873031882245
2025-02-28,AMAX.TO,21.1299991607666,1.971,0.0932797008179574
2025-03-03,AMAX.TO,21.239999771118164,1.971,0.092796611169466
2025-03-04,AMAX.TO,21.459999084472656,1.971,0.0918452974877391
2025-03-05,AMAX.TO,21.934999465942383,1.971,0.0898563960788006
2025-03-06,AMAX.TO,21.65999984741211,1.971,0.0909972305579444
2025-03-07,AMAX.TO,21.8700008392334,1.971,0.0901234533317507
2025-03-10,AMAX.TO,21.479999542236328,1.971,0.0917597784918199
2025-03-11,AMAX.TO,22.09000015258789,1.971,0.089225893453382
2025-03-12,AMAX.TO,22.1299991607666,1.971,0.0890646215429735
2025-03-13,AMAX.TO,22.700000762939453,1.971,0.0868281909143325
2025-03-14,AMAX.TO,22.799999237060547,1.971,0.0864473713137767
2025-03-17,AMAX.TO,23.229999542236328,1.971,0.084847182042185
2025-03-18,AMAX.TO,23.38999938964844,1.971,0.0842667828744062
2025-03-19,AMAX.TO,23.575000762939453,1.971,0.0836055116103523
2025-03-20,AMAX.TO,23.549999237060547,1.971,0.0836942702273316
2025-03-21,AMAX.TO,23.405000686645508,1.971,0.0842127725774696
2025-03-24,AMAX.TO,23.270000457763672,1.971,0.0847013305211348
2025-03-25,AMAX.TO,23.51000022888184,1.971,0.0838366644326376
2025-03-26,AMAX.TO,23.31999969482422,1.971,0.0845197266635237
2025-03-27,AMAX.TO,23.799999237060547,1.824,0.0766386579189351
2025-03-28,AMAX.TO,23.690000534057617,1.824,0.076994510716779
2025-03-31,AMAX.TO,23.76000022888184,1.994,0.0839225581141267
2025-04-01,AMAX.TO,23.709999084472656,1.994,0.0840995393081159
2025-04-02,AMAX.TO,23.76499938964844,1.994,0.0839049043219646
2025-04-03,AMAX.TO,23.36000061035156,1.994,0.0853595868108152
2025-04-04,AMAX.TO,21.65999984741211,1.994,0.0920590957547139
2025-04-07,AMAX.TO,21.76000022888184,1.994,0.0916360284478941
2025-04-08,AMAX.TO,21.65999984741211,1.994,0.0920590957547139
2025-04-09,AMAX.TO,22.989999771118164,1.994,0.0867333631949409
2025-04-10,AMAX.TO,23.799999237060547,1.994,0.0837815152907656
2025-04-11,AMAX.TO,24.700000762939453,1.994,0.0807287424457027
2025-04-14,AMAX.TO,24.8799991607666,1.994,0.0801446972371425
2025-04-15,AMAX.TO,25.229999542236328,1.994,0.0790328987783745
2025-04-16,AMAX.TO,25.530000686645508,1.994,0.0781041890470078
2025-04-17,AMAX.TO,25.11000061035156,1.994,0.0794105914588459
2025-04-21,AMAX.TO,25.309999465942383,1.994,0.0787830913502453
2025-04-22,AMAX.TO,24.809999465942383,1.994,0.0803708199485146
2025-04-23,AMAX.TO,24.25,1.994,0.0822268041237113
2025-04-24,AMAX.TO,24.459999084472656,1.994,0.0815208534192383
2025-04-25,AMAX.TO,24.149999618530277,1.994,0.0825672890888994
2025-04-28,AMAX.TO,24.38999938964844,1.994,0.0817548195940624
2025-04-29,AMAX.TO,24.149999618530277,1.837,0.0760662537895227
2025-04-30,AMAX.TO,24.170000076293945,2.017,0.0834505582802328
2025-05-01,AMAX.TO,23.399999618530277,2.017,0.0861965826017686
2025-05-02,AMAX.TO,23.15999984741211,2.017,0.0870898105910557
2025-05-05,AMAX.TO,23.90999984741211,2.017,0.0843580097395236
2025-05-06,AMAX.TO,24.6299991607666,2.017,0.0818920044143932
2025-05-07,AMAX.TO,24.559999465942383,2.017,0.0821254089519421
2025-05-08,AMAX.TO,24.170000076293945,2.017,0.0834505582802328
2025-05-09,AMAX.TO,24.93000030517578,2.017,0.0809065373168585
2025-05-12,AMAX.TO,23.040000915527344,2.017,0.0875433992991156
2025-05-13,AMAX.TO,23.020000457763672,2.017,0.0876194595956122
2025-05-14,AMAX.TO,22.520000457763672,2.017,0.0895648294405184
2025-05-15,AMAX.TO,23.0,2.017,0.087695652173913
2025-05-16,AMAX.TO,23.0,2.017,0.087695652173913
2025-05-20,AMAX.TO,23.96999931335449,2.017,0.0841468526399273
2025-05-21,AMAX.TO,24.229999542236328,2.017,0.083243914077839
2025-05-22,AMAX.TO,24.07999992370605,2.017,0.0837624587371498
2025-05-23,AMAX.TO,24.36000061035156,2.017,0.0827996695181893
2025-05-26,AMAX.TO,24.549999237060547,2.017,0.0821588620237163
2025-05-27,AMAX.TO,24.280000686645508,2.017,0.0830724852948373
2025-05-28,AMAX.TO,24.520000457763672,2.017,0.0822593785621796
2025-05-29,AMAX.TO,24.43000030517578,2.017,0.0825624222187453
2025-05-30,AMAX.TO,24.13999938964844,2.212,0.0916321481328842
2025-06-02,AMAX.TO,25.440000534057617,2.047,0.0804638347888237
2025-06-03,AMAX.TO,25.270000457763672,2.047,0.0810051429726469
2025-06-04,AMAX.TO,25.239999771118164,2.047,0.0811014270428939
2025-06-05,AMAX.TO,25.309999465942383,2.047,0.0808771253730954
2025-06-06,AMAX.TO,24.86000061035156,2.047,0.0823411081956144
2025-06-09,AMAX.TO,25.0,2.047,0.08188
2025-06-10,AMAX.TO,24.6299991607666,2.047,0.0831100312524853
2025-06-11,AMAX.TO,24.799999237060547,2.047,0.0825403251198899
2025-06-12,AMAX.TO,25.32999992370605,2.047,0.0808132651466862
2025-06-13,AMAX.TO,25.68000030517578,2.047,0.0797118370589516
2025-06-16,AMAX.TO,25.350000381469727,2.047,0.0807495056882251
2025-06-17,AMAX.TO,25.3799991607666,2.047,0.0806540609805981
2025-06-18,AMAX.TO,25.36000061035156,2.047,0.0807176636724703
2025-06-19,AMAX.TO,25.450000762939453,2.047,0.0804322176280977
2025-06-20,AMAX.TO,25.290000915527344,2.047,0.0809410805020256
2025-06-23,AMAX.TO,25.59000015258789,2.047,0.0799921839700727
2025-06-24,AMAX.TO,25.030000686645508,2.047,0.0817818595223672
2025-06-25,AMAX.TO,25.049999237060547,2.047,0.0817165693550816
2025-06-26,AMAX.TO,25.21999931335449,2.047,0.0811657436848569
2025-06-27,AMAX.TO,24.43000030517578,2.047,0.0837904205660741
2025-06-30,AMAX.TO,24.71500015258789,2.085,0.0843617231287648
2025-07-02,AMAX.TO,24.88999938964844,2.085,0.0837685838139126
2025-07-03,AMAX.TO,24.920000076293945,2.085,0.083667736501471
2025-07-04,AMAX.TO,25.06999969482422,2.085,0.0831671330427042
2025-07-07,AMAX.TO,25.38999938964844,2.085,0.082118946440387
2025-07-08,AMAX.TO,24.36000061035156,2.085,0.0855911308603989
2025-07-09,AMAX.TO,24.670000076293945,2.085,0.084515605737818
2025-07-10,AMAX.TO,24.690000534057617,2.085,0.0844471427663167
2025-07-11,AMAX.TO,25.020000457763672,2.085,0.0833333318086741
2025-07-14,AMAX.TO,25.06999969482422,2.085,0.0831671330427042
2025-07-15,AMAX.TO,24.84000015258789,2.085,0.0839371975520209
2025-07-16,AMAX.TO,24.739999771118164,2.085,0.084276476123256
2025-07-17,AMAX.TO,24.59000015258789,2.085,0.0847905647442857
2025-07-18,AMAX.TO,24.450000762939453,2.085,0.0852760709586716
2025-07-21,AMAX.TO,25.174999237060547,2.085,0.0828202607025558
2025-07-22,AMAX.TO,25.600000381469727,2.085,0.0814453112863702
2025-07-23,AMAX.TO,25.3700008392334,2.085,0.0821836787949827
2025-07-24,AMAX.TO,25.190000534057617,2.085,0.0827709390947022
2025-07-25,AMAX.TO,25.40999984741211,2.085,0.0820543098197754
2025-07-28,AMAX.TO,25.03499984741211,2.085,0.0832834037430812
2025-07-29,AMAX.TO,25.38999938964844,2.085,0.082118946440387
2025-07-30,AMAX.TO,24.93000030517578,2.085,0.0836341746681458
2025-07-31,AMAX.TO,24.649999618530277,2.128,0.086328601741653
2025-08-01,AMAX.TO,25.020000457763672,2.128,0.0850519568771504
2025-08-05,AMAX.TO,26.8799991607666,2.128,0.0791666691383673
2025-08-06,AMAX.TO,27.100000381469727,2.128,0.0785239841345194
2025-08-07,AMAX.TO,27.420000076293945,2.128,0.0776075854879289
2025-08-08,AMAX.TO,27.3799991607666,2.128,0.0777209665897016
2025-08-11,AMAX.TO,27.334999084472656,2.128,0.0778489142591113
2025-08-12,AMAX.TO,27.549999237060547,2.128,0.0772413814493828
2025-08-13,AMAX.TO,27.420000076293945,2.128,0.0776075854879289
2025-08-14,AMAX.TO,27.290000915527344,2.128,0.0779772784393429
2025-08-15,AMAX.TO,27.5,2.128,0.0773818181818181
2025-08-18,AMAX.TO,27.48500061035156,2.128,0.0774240477622016
2025-08-19,AMAX.TO,26.979999542236328,2.128,0.0788732407748444
2025-08-20,AMAX.TO,27.59000015258789,2.128,0.0771293942816596
2025-08-21,AMAX.TO,28.170000076293945,2.128,0.0755413558479464
2024-08-22,AMHE.TO,11.8100004196167,0.0,0.0
2024-08-23,AMHE.TO,11.699999809265137,0.0,0.0
2024-08-26,AMHE.TO,11.670000076293944,0.0,0.0
2024-08-27,AMHE.TO,11.5,0.0,0.0
2024-08-28,AMHE.TO,11.31999969482422,0.0,0.0
2024-08-29,AMHE.TO,11.40999984741211,0.0,0.0
2024-08-30,AMHE.TO,11.90999984741211,0.0,0.0
2024-09-03,AMHE.TO,11.81999969482422,0.0,0.0
2024-09-04,AMHE.TO,11.550000190734863,0.0,0.0
2024-09-05,AMHE.TO,11.829999923706056,0.0,0.0
2024-09-06,AMHE.TO,11.5,0.0,0.0
2024-09-09,AMHE.TO,11.720000267028809,0.0,0.0
2024-09-10,AMHE.TO,12.170000076293944,0.0,0.0
2024-09-11,AMHE.TO,12.390000343322754,0.0,0.0
2024-09-12,AMHE.TO,12.579999923706056,0.0,0.0
2024-09-13,AMHE.TO,12.550000190734863,0.0,0.0
2024-09-16,AMHE.TO,12.489999771118164,0.0,0.0
2024-09-17,AMHE.TO,12.619999885559082,0.0,0.0
2024-09-18,AMHE.TO,12.609999656677246,0.0,0.0
2024-09-19,AMHE.TO,12.770000457763672,0.0,0.0
2024-09-20,AMHE.TO,12.899999618530272,0.0,0.0
2024-09-23,AMHE.TO,12.970000267028809,0.0,0.0
2024-09-24,AMHE.TO,12.899999618530272,0.0,0.0
2024-09-25,AMHE.TO,12.890000343322754,0.0,0.0
2024-09-26,AMHE.TO,12.779999732971191,0.0,0.0
2024-09-27,AMHE.TO,12.420000076293944,0.16,0.0128824475859216
2024-09-30,AMHE.TO,12.25,0.16,0.0130612244897959
2024-10-01,AMHE.TO,12.220000267028809,0.16,0.0130932894029226
2024-10-02,AMHE.TO,12.229999542236328,0.16,0.013082584299978
2024-10-03,AMHE.TO,12.010000228881836,0.16,0.013322231219882
2024-10-04,AMHE.TO,12.350000381469728,0.16,0.012955465186873
2024-10-07,AMHE.TO,11.979999542236328,0.16,0.01335559316475
2024-10-08,AMHE.TO,12.140000343322754,0.16,0.0131795712911987
2024-10-09,AMHE.TO,12.40999984741211,0.16,0.0128928285227469
2024-10-10,AMHE.TO,12.529999732971191,0.16,0.0127693538236061
2024-10-11,AMHE.TO,12.729999542236328,0.16,0.012568735722978
2024-10-15,AMHE.TO,12.640000343322754,0.16,0.0126582275042834
2024-10-16,AMHE.TO,12.579999923706056,0.16,0.0127186010310295
2024-10-17,AMHE.TO,12.670000076293944,0.16,0.0126282556461357
2024-10-18,AMHE.TO,12.800000190734863,0.16,0.0124999998137354
2024-10-21,AMHE.TO,12.81999969482422,0.16,0.0124804995170628
2024-10-22,AMHE.TO,12.890000343322754,0.16,0.0124127227105065
2024-10-23,AMHE.TO,12.550000190734863,0.16,0.0127490037903044
2024-10-24,AMHE.TO,12.65999984741211,0.16,0.0126382308000348
2024-10-25,AMHE.TO,12.800000190734863,0.16,0.0124999998137354
2024-10-28,AMHE.TO,12.890000343322754,0.16,0.0124127227105065
2024-10-29,AMHE.TO,13.050000190734863,0.16,0.0122605362192711
2024-10-30,AMHE.TO,13.199999809265137,0.16,0.0121212122963589
2024-10-31,AMHE.TO,12.579999923706056,0.32,0.0254372020620591
2024-11-01,AMHE.TO,13.479999542236328,0.32,0.0237388732097028
2024-11-04,AMHE.TO,13.3100004196167,0.32,0.0240420728708899
2024-11-05,AMHE.TO,13.489999771118164,0.32,0.0237212754210058
2024-11-06,AMHE.TO,13.979999542236328,0.32,0.0228898433818411
2024-11-07,AMHE.TO,14.18000030517578,0.32,0.0225669952830112
2024-11-08,AMHE.TO,14.130000114440918,0.32,0.0226468504889082
2024-11-11,AMHE.TO,14.0600004196167,0.32,0.0227596010277163
2024-11-12,AMHE.TO,14.210000038146973,0.32,0.02251935250816
2024-11-13,AMHE.TO,14.59000015258789,0.32,0.0219328304765809
2024-11-14,AMHE.TO,14.470000267028809,0.32,0.0221147197024694
2024-11-15,AMHE.TO,13.93000030517578,0.32,0.0229720023682341
2024-11-18,AMHE.TO,13.80500030517578,0.32,0.0231800067313309
2024-11-19,AMHE.TO,13.90999984741211,0.32,0.0230050326031839
2024-11-20,AMHE.TO,13.779999732971191,0.32,0.023222061407907
2024-11-21,AMHE.TO,13.470000267028809,0.32,0.0237564954459043
2024-11-22,AMHE.TO,13.375,0.32,0.0239252336448598
2024-11-25,AMHE.TO,13.68000030517578,0.32,0.0233918123436685
2024-11-26,AMHE.TO,14.300000190734863,0.32,0.0223776220791473
2024-11-27,AMHE.TO,14.109999656677246,0.32,0.0226789516503331
2024-11-28,AMHE.TO,14.239999771118164,0.32,0.0224719104735542
2024-11-29,AMHE.TO,14.25,0.48,0.0336842105263157
2024-12-02,AMHE.TO,14.350000381469728,0.48,0.0334494764627203
2024-12-03,AMHE.TO,14.5649995803833,0.48,0.0329557167064036
2024-12-04,AMHE.TO,14.93000030517578,0.48,0.0321500328324573
2024-12-05,AMHE.TO,15.029999732971191,0.48,0.0319361283119006
2024-12-06,AMHE.TO,15.579999923706056,0.48,0.0308087292907907
2024-12-09,AMHE.TO,15.59000015258789,0.48,0.0307889669853737
2024-12-10,AMHE.TO,15.489999771118164,0.48,0.0309877344798276
2024-12-11,AMHE.TO,15.84000015258789,0.48,0.0303030300111189
2024-12-12,AMHE.TO,15.8100004196167,0.48,0.0303605305034923
2024-12-13,AMHE.TO,15.6899995803833,0.48,0.0305927350438
2024-12-16,AMHE.TO,16.139999389648438,0.48,0.0297397780763147
2024-12-17,AMHE.TO,16.079999923706055,0.48,0.029850746410288
2024-12-18,AMHE.TO,15.449999809265137,0.48,0.0310679615485918
2024-12-19,AMHE.TO,15.59000015258789,0.48,0.0307889669853737
2024-12-20,AMHE.TO,15.68000030517578,0.48,0.0306122443021609
2024-12-23,AMHE.TO,15.699999809265137,0.48,0.030573248779069
2024-12-24,AMHE.TO,16.03499984741211,0.48,0.0299345185262017
2024-12-27,AMHE.TO,15.670000076293944,0.48,0.0306317803231002
2024-12-30,AMHE.TO,15.449999809265137,0.48,0.0310679615485918
2024-12-31,AMHE.TO,15.100000381469728,0.64,0.0423841048895196
2025-01-02,AMHE.TO,15.1899995803833,0.64,0.0421329833890522
2025-01-03,AMHE.TO,15.59000015258789,0.64,0.0410519559804983
2025-01-06,AMHE.TO,15.729999542236328,0.64,0.0406865873251647
2025-01-07,AMHE.TO,15.3100004196167,0.64,0.0418027421592992
2025-01-08,AMHE.TO,15.43000030517578,0.64,0.0414776401388223
2025-01-09,AMHE.TO,15.5,0.64,0.0412903225806451
2025-01-10,AMHE.TO,15.130000114440918,0.64,0.0423000657739022
2025-01-13,AMHE.TO,15.050000190734863,0.64,0.0425249164045857
2025-01-14,AMHE.TO,14.93000030517578,0.64,0.0428667104432765
2025-01-15,AMHE.TO,15.390000343322754,0.64,0.0415854441665218
2025-01-16,AMHE.TO,15.25,0.64,0.0419672131147541
2025-01-17,AMHE.TO,15.760000228881836,0.64,0.0406091364660727
2025-01-20,AMHE.TO,15.8100004196167,0.64,0.0404807073379898
2025-01-21,AMHE.TO,16.059999465942383,0.64,0.0398505617236921
2025-01-22,AMHE.TO,16.43000030517578,0.64,0.0389531337865153
2025-01-23,AMHE.TO,16.43000030517578,0.64,0.0389531337865153
2025-01-24,AMHE.TO,16.3700008392334,0.64,0.0390959051429084
2025-01-27,AMHE.TO,16.459999084472656,0.64,0.0388821406802954
2025-01-28,AMHE.TO,16.68000030517578,0.64,0.0383693038543535
2025-01-29,AMHE.TO,16.6299991607666,0.64,0.0384846682079145
2025-01-30,AMHE.TO,16.479999542236328,0.64,0.0388349525350261
2025-01-31,AMHE.TO,16.65999984741211,0.8,0.0480192081228781
2025-02-03,AMHE.TO,16.65999984741211,0.8,0.0480192081228781
2025-02-04,AMHE.TO,16.75,0.8,0.0477611940298507
2025-02-05,AMHE.TO,16.270000457763672,0.8,0.0491702506141146
2025-02-06,AMHE.TO,16.469999313354492,0.8,0.04857316535231
2025-02-07,AMHE.TO,15.710000038146973,0.8,0.0509229788706201
2025-02-10,AMHE.TO,16.110000610351562,0.8,0.0496585952632401
2025-02-11,AMHE.TO,16.030000686645508,0.8,0.0499064233145339
2025-02-12,AMHE.TO,15.739999771118164,0.8,0.0508259219589028
2025-02-13,AMHE.TO,15.710000038146973,0.8,0.0509229788706201
2025-02-14,AMHE.TO,15.609999656677246,0.8,0.0512492003584251
2025-02-18,AMHE.TO,15.449999809265137,0.8,0.0517799359143196
2025-02-19,AMHE.TO,15.5,0.8,0.0516129032258064
2025-02-20,AMHE.TO,15.140000343322754,0.8,0.0528401573222438
2025-02-21,AMHE.TO,14.664999961853027,0.8,0.0545516537389008
2025-02-24,AMHE.TO,14.369999885559082,0.8,0.0556715383695965
2025-02-25,AMHE.TO,14.40999984741211,0.8,0.0555170026697586
2025-02-26,AMHE.TO,14.5600004196167,0.8,0.0549450533615479
2025-02-27,AMHE.TO,14.220000267028809,0.8,0.0562587893795557
2025-02-28,AMHE.TO,14.399999618530272,0.96,0.0666666684327302
2025-03-03,AMHE.TO,13.8100004196167,0.96,0.0695148422035055
2025-03-04,AMHE.TO,13.670000076293944,0.96,0.070226773565627
2025-03-05,AMHE.TO,13.93000030517578,0.96,0.0689160071047023
2025-03-06,AMHE.TO,13.270000457763672,0.96,0.0723436297576273
2025-03-07,AMHE.TO,13.229999542236328,0.96,0.0725623607873327
2025-03-10,AMHE.TO,12.859999656677246,0.96,0.0746500797534269
2025-03-11,AMHE.TO,13.119999885559082,0.96,0.0731707323455583
2025-03-12,AMHE.TO,13.15999984741211,0.96,0.0729483291133002
2025-03-13,AMHE.TO,12.829999923706056,0.96,0.0748246302189139
2025-03-14,AMHE.TO,13.109999656677246,0.96,0.0732265465400716
2025-03-17,AMHE.TO,12.869999885559082,0.96,0.0745920752553524
2025-03-18,AMHE.TO,12.649999618530272,0.96,0.0758893303517377
2025-03-19,AMHE.TO,12.890000343322754,0.96,0.0744763362630395
2025-03-20,AMHE.TO,12.800000190734863,0.96,0.0749999988824129
2025-03-21,AMHE.TO,12.93000030517578,0.96,0.0742459379228103
2025-03-24,AMHE.TO,13.460000038146973,0.96,0.0713224366477908
2025-03-25,AMHE.TO,13.529999732971191,0.96,0.0709534382074362
2025-03-26,AMHE.TO,13.229999542236328,0.96,0.0725623607873327
2025-03-27,AMHE.TO,13.3100004196167,0.96,0.0721262186126697
2025-03-28,AMHE.TO,12.710000038146973,0.96,0.0755310776647299
2025-03-31,AMHE.TO,12.449999809265137,1.12,0.0899598407356207
2025-04-01,AMHE.TO,12.5,1.12,0.0896
2025-04-02,AMHE.TO,12.90999984741211,1.12,0.0867544549370781
2025-04-03,AMHE.TO,11.34000015258789,1.12,0.0987654307698052
2025-04-04,AMHE.TO,10.760000228881836,1.12,0.1040892171167164
2025-04-07,AMHE.TO,11.119999885559082,1.12,0.1007194254969805
2025-04-08,AMHE.TO,10.729999542236328,1.12,0.1043802467643509
2025-04-09,AMHE.TO,12.210000038146973,1.12,0.0917280914415111
2025-04-10,AMHE.TO,11.34000015258789,1.12,0.0987654307698052
2025-04-11,AMHE.TO,11.59000015258789,1.12,0.0966350289262006
2025-04-14,AMHE.TO,11.399999618530272,1.12,0.0982456173226078
2025-04-15,AMHE.TO,11.270000457763672,1.12,0.0993788779510168
2025-04-16,AMHE.TO,10.850000381469728,1.12,0.1032258028223485
2025-04-17,AMHE.TO,10.699999809265137,1.12,0.1046728990621281
2025-04-21,AMHE.TO,10.329999923706056,1.12,0.108422072436781
2025-04-22,AMHE.TO,10.729999542236328,1.12,0.1043802467643509
2025-04-23,AMHE.TO,11.300000190734863,1.12,0.0991150425748058
2025-04-24,AMHE.TO,11.579999923706056,1.12,0.0967184807753916
2025-04-25,AMHE.TO,11.829999923706056,1.12,0.0946745568235921
2025-04-28,AMHE.TO,11.6899995803833,1.12,0.0958083866726089
2025-04-29,AMHE.TO,11.69499969482422,1.12,0.095767424474211
2025-04-30,AMHE.TO,11.289999961853027,1.28,0.1133746682307263
2025-05-01,AMHE.TO,11.779999732971191,1.28,0.108658746096351
2025-05-02,AMHE.TO,11.744999885559082,1.28,0.1089825468260589
2025-05-05,AMHE.TO,11.550000190734863,1.28,0.1108225089924055
2025-05-06,AMHE.TO,11.399999618530272,1.28,0.1122807055115517
2025-05-07,AMHE.TO,11.710000038146973,1.28,0.1093082831622732
2025-05-08,AMHE.TO,12.0,1.28,0.1066666666666666
2025-05-09,AMHE.TO,12.0600004196167,1.28,0.1061359830400969
2025-05-12,AMHE.TO,13.0600004196167,1.28,0.098009185212382
2025-05-13,AMHE.TO,13.149999618530272,1.28,0.0973384058655251
2025-05-14,AMHE.TO,13.06999969482422,1.28,0.0979342027457648
2025-05-15,AMHE.TO,12.779999732971191,1.28,0.1001564966153888
2025-05-16,AMHE.TO,12.829999923706056,1.28,0.0997661736252186
2025-05-20,AMHE.TO,12.699999809265137,1.28,0.100787403088478
2025-05-21,AMHE.TO,12.470000267028809,1.28,0.1026463490449452
2025-05-22,AMHE.TO,12.579999923706056,1.28,0.1017488082482367
2025-05-23,AMHE.TO,12.34000015258789,1.28,0.1037277134661594
2025-05-26,AMHE.TO,12.56999969482422,1.28,0.1018297558532995
2025-05-27,AMHE.TO,12.65999984741211,1.28,0.1011058464002786
2025-05-28,AMHE.TO,12.720000267028809,1.28,0.1006289287051239
2025-05-29,AMHE.TO,12.720000267028809,1.28,0.1006289287051239
2025-05-30,AMHE.TO,12.4399995803833,1.44,0.1157556309142279
2025-06-02,AMHE.TO,12.529999732971191,1.44,0.1149241844124555
2025-06-03,AMHE.TO,12.5,1.44,0.1152
2025-06-04,AMHE.TO,12.56999969482422,1.44,0.1145584753349619
2025-06-05,AMHE.TO,12.600000381469728,1.44,0.1142857108256715
2025-06-06,AMHE.TO,12.970000267028809,1.44,0.1110254410449505
2025-06-09,AMHE.TO,13.18000030517578,1.44,0.1092564466356281
2025-06-10,AMHE.TO,13.1899995803833,1.44,0.1091736198492095
2025-06-11,AMHE.TO,12.90999984741211,1.44,0.1115414420619576
2025-06-12,AMHE.TO,12.854999542236328,1.44,0.1120186737672562
2025-06-13,AMHE.TO,12.760000228881836,1.44,0.1128526625525137
2025-06-16,AMHE.TO,13.0,1.44,0.1107692307692307
2025-06-17,AMHE.TO,13.020000457763672,1.44,0.1105990744525162
2025-06-18,AMHE.TO,13.020000457763672,1.44,0.1105990744525162
2025-06-19,AMHE.TO,12.949999809265137,1.44,0.1111969128346817
2025-06-20,AMHE.TO,12.829999923706056,1.44,0.1122369453283709
2025-06-23,AMHE.TO,12.720000267028809,1.44,0.1132075447932644
2025-06-24,AMHE.TO,13.020000457763672,1.44,0.1105990744525162
2025-06-25,AMHE.TO,12.949999809265137,1.44,0.1111969128346817
2025-06-26,AMHE.TO,13.21500015258789,1.44,0.1089670816021901
2025-06-27,AMHE.TO,13.630000114440918,1.44,0.1056493021210122
2025-06-30,AMHE.TO,13.1899995803833,1.6,0.1213040220546772
2025-07-02,AMHE.TO,13.210000038146973,1.6,0.1211203630113266
2025-07-03,AMHE.TO,13.380000114440918,1.6,0.1195814638501485
2025-07-04,AMHE.TO,13.5,1.6,0.1185185185185185
2025-07-07,AMHE.TO,13.449999809265137,1.6,0.1189591094936542
2025-07-08,AMHE.TO,13.25,1.6,0.120754716981132
2025-07-09,AMHE.TO,13.43000030517578,1.6,0.1191362593925911
2025-07-10,AMHE.TO,13.40999984741211,1.6,0.1193139461749338
2025-07-11,AMHE.TO,13.619999885559082,1.6,0.1174743034833969
2025-07-14,AMHE.TO,13.65999984741211,1.6,0.1171303087754514
2025-07-15,AMHE.TO,13.739999771118164,1.6,0.1164483279951169
2025-07-16,AMHE.TO,13.5,1.6,0.1185185185185185
2025-07-17,AMHE.TO,13.5600004196167,1.6,0.1179940966436361
2025-07-18,AMHE.TO,13.720000267028809,1.6,0.1166180735320418
2025-07-21,AMHE.TO,13.880000114440918,1.6,0.1152737742657034
2025-07-22,AMHE.TO,13.720000267028809,1.6,0.1166180735320418
2025-07-23,AMHE.TO,13.729999542236328,1.6,0.1165331429966962
2025-07-24,AMHE.TO,14.020000457763672,1.6,0.1141226781568319
2025-07-25,AMHE.TO,14.09000015258789,1.6,0.1135557120420705
2025-07-28,AMHE.TO,14.1899995803833,1.6,0.1127554649269961
2025-07-29,AMHE.TO,14.119999885559082,1.6,0.113314448510468
2025-07-30,AMHE.TO,14.100000381469728,1.6,0.1134751742349401
2025-07-31,AMHE.TO,14.25,1.7599999999999998,0.1235087719298245
2025-08-01,AMHE.TO,13.050000190734863,1.7599999999999998,0.1348658984119824
2025-08-05,AMHE.TO,12.869999885559082,1.7599999999999998,0.1367521379681461
2025-08-06,AMHE.TO,13.399999618530272,1.7599999999999998,0.1313432873211558
2025-08-07,AMHE.TO,13.489999771118164,1.7599999999999998,0.1304670148155322
2025-08-08,AMHE.TO,13.470000267028809,1.7599999999999998,0.1306607249524738
2025-08-11,AMHE.TO,13.420000076293944,1.7599999999999998,0.1311475402380206
2025-08-12,AMHE.TO,13.425000190734863,1.7599999999999998,0.1310986945992482
2025-08-13,AMHE.TO,13.640000343322754,1.7599999999999998,0.1290322548167368
2025-08-14,AMHE.TO,14.100000381469728,1.7599999999999998,0.1248226916584341
2025-08-15,AMHE.TO,14.06999969482422,1.7599999999999998,0.1250888442199065
2025-08-18,AMHE.TO,14.119999885559082,1.7599999999999998,0.1246458933615149
2025-08-19,AMHE.TO,13.949999809265137,1.7599999999999998,0.1261648762769921
2025-08-20,AMHE.TO,13.729999542236328,1.7599999999999998,0.1281864572963658
2025-08-21,AMHE.TO,13.614999771118164,1.7599999999999998,0.1292691905682974
2024-08-21,AMZH.TO,12.119999885559082,0.0,0.0
2024-08-22,AMZH.TO,11.850000381469728,0.0,0.0
2024-08-23,AMZH.TO,11.829999923706056,0.0,0.0
2024-08-26,AMZH.TO,11.760000228881836,0.0,0.0
2024-08-27,AMZH.TO,11.609999656677246,0.0,0.0
2024-08-28,AMZH.TO,11.510000228881836,0.0,0.0
2024-08-29,AMZH.TO,11.479999542236328,0.0,0.0
2024-08-30,AMZH.TO,11.75,0.0,0.0
2024-09-03,AMZH.TO,11.850000381469728,0.0,0.0
2024-09-04,AMZH.TO,11.630000114440918,0.0,0.0
2024-09-05,AMZH.TO,11.90999984741211,0.0,0.0
2024-09-06,AMZH.TO,11.619999885559082,0.0,0.0
2024-09-09,AMZH.TO,11.770000457763672,0.0,0.0
2024-09-10,AMZH.TO,12.100000381469728,0.0,0.0
2024-09-11,AMZH.TO,12.210000038146973,0.0,0.0
2024-09-12,AMZH.TO,12.449999809265137,0.0,0.0
2024-09-13,AMZH.TO,12.460000038146973,0.0,0.0
2024-09-16,AMZH.TO,12.390000343322754,0.0,0.0
2024-09-17,AMZH.TO,12.489999771118164,0.0,0.0
2024-09-18,AMZH.TO,12.479999542236328,0.0,0.0
2024-09-19,AMZH.TO,12.59000015258789,0.0,0.0
2024-09-20,AMZH.TO,12.59000015258789,0.0,0.0
2024-09-23,AMZH.TO,12.75,0.0,0.0
2024-09-24,AMZH.TO,12.68000030517578,0.0,0.0
2024-09-25,AMZH.TO,12.68000030517578,0.0,0.0
2024-09-26,AMZH.TO,12.600000381469728,0.0,0.0
2024-09-27,AMZH.TO,12.31999969482422,0.14,0.0113636366451222
2024-09-30,AMZH.TO,12.1899995803833,0.14,0.0114848240212652
2024-10-01,AMZH.TO,12.140000343322754,0.14,0.0115321248797989
2024-10-02,AMZH.TO,12.119999885559082,0.14,0.0115511552245812
2024-10-03,AMZH.TO,11.970000267028809,0.14,0.0116959061718342
2024-10-04,AMZH.TO,12.329999923706056,0.14,0.0113544201838015
2024-10-07,AMZH.TO,11.970000267028809,0.14,0.0116959061718342
2024-10-08,AMZH.TO,11.970000267028809,0.14,0.0116959061718342
2024-10-09,AMZH.TO,12.34000015258789,0.14,0.0113452186603611
2024-10-10,AMZH.TO,12.460000038146973,0.14,0.0112359550217802
2024-10-11,AMZH.TO,12.640000343322754,0.14,0.0110759490662479
2024-10-15,AMZH.TO,12.5,0.14,0.0112
2024-10-16,AMZH.TO,12.449999809265137,0.14,0.0112449800919525
2024-10-17,AMZH.TO,12.609999656677246,0.14,0.0111023000643673
2024-10-18,AMZH.TO,12.75,0.14,0.0109803921568627
2024-10-21,AMZH.TO,12.720000267028809,0.14,0.0110062890771229
2024-10-22,AMZH.TO,12.75,0.14,0.0109803921568627
2024-10-23,AMZH.TO,12.479999542236328,0.14,0.0112179491294206
2024-10-24,AMZH.TO,12.59000015258789,0.14,0.0111199363227349
2024-10-25,AMZH.TO,12.779999732971191,0.14,0.0109546168173081
2024-10-28,AMZH.TO,12.770000457763672,0.14,0.0109631945952582
2024-10-29,AMZH.TO,12.920000076293944,0.14,0.0108359132487063
2024-10-30,AMZH.TO,13.029999732971191,0.14,0.0107444361373042
2024-10-31,AMZH.TO,12.479999542236328,0.28,0.0224358982588412
2024-11-01,AMZH.TO,13.260000228881836,0.28,0.0211161383987103
2024-11-04,AMZH.TO,13.0600004196167,0.28,0.0214395092652085
2024-11-05,AMZH.TO,13.199999809265137,0.28,0.0212121215186281
2024-11-06,AMZH.TO,13.579999923706056,0.28,0.0206185568168682
2024-11-07,AMZH.TO,13.75,0.28,0.0203636363636363
2024-11-08,AMZH.TO,13.699999809265137,0.28,0.0204379564889219
2024-11-11,AMZH.TO,13.670000076293944,0.28,0.0204828089566412
2024-11-12,AMZH.TO,13.789999961853027,0.28,0.0203045685840868
2024-11-13,AMZH.TO,14.109999656677246,0.28,0.0198440826940414
2024-11-14,AMZH.TO,14.010000228881836,0.28,0.019985724156005
2024-11-15,AMZH.TO,13.609999656677246,0.28,0.0205731085277895
2024-11-18,AMZH.TO,13.489999771118164,0.28,0.0207561159933801
2024-11-19,AMZH.TO,13.579999923706056,0.28,0.0206185568168682
2024-11-20,AMZH.TO,13.470000267028809,0.28,0.0207869335151662
2024-11-21,AMZH.TO,13.25,0.28,0.0211320754716981
2024-11-22,AMZH.TO,13.1899995803833,0.28,0.0212282038595685
2024-11-25,AMZH.TO,13.420000076293944,0.28,0.0208643814015032
2024-11-26,AMZH.TO,13.869999885559082,0.28,0.0201874551052826
2024-11-27,AMZH.TO,13.75,0.28,0.0203636363636363
2024-11-28,AMZH.TO,13.829999923706056,0.28,0.0202458424833431
2024-11-29,AMZH.TO,13.720000267028809,0.42,0.030612244302161
2024-12-02,AMZH.TO,13.899999618530272,0.42,0.0302158281673686
2024-12-03,AMZH.TO,14.029999732971191,0.42,0.0299358523160181
2024-12-04,AMZH.TO,14.34000015258789,0.42,0.0292887026172174
2024-12-05,AMZH.TO,14.390000343322754,0.42,0.0291869346754316
2024-12-06,AMZH.TO,14.8100004196167,0.42,0.028359215941931
2024-12-09,AMZH.TO,14.84000015258789,0.42,0.028301886501447
2024-12-10,AMZH.TO,14.770000457763672,0.42,0.0284360180760341
2024-12-11,AMZH.TO,15.0,0.42,0.028
2024-12-12,AMZH.TO,14.970000267028809,0.42,0.0280561117239953
2024-12-13,AMZH.TO,14.93000030517578,0.42,0.0281312787284002
2024-12-16,AMZH.TO,15.270000457763672,0.42,0.027504910766814
2024-12-17,AMZH.TO,15.239999771118164,0.42,0.0275590555320057
2024-12-18,AMZH.TO,14.770000457763672,0.42,0.0284360180760341
2024-12-19,AMZH.TO,14.899999618530272,0.42,0.0281879201847542
2024-12-20,AMZH.TO,14.890000343322754,0.42,0.0282068495846841
2024-12-23,AMZH.TO,14.989999771118164,0.42,0.0280186795472292
2024-12-24,AMZH.TO,15.1899995803833,0.42,0.0276497703490655
2024-12-27,AMZH.TO,14.920000076293944,0.42,0.0281501339043106
2024-12-30,AMZH.TO,14.8100004196167,0.42,0.028359215941931
2024-12-31,AMZH.TO,14.59000015258789,0.56,0.0383824533340166
2025-01-02,AMZH.TO,14.56999969482422,0.56,0.0384351415051114
2025-01-03,AMZH.TO,14.850000381469728,0.56,0.0377104367417245
2025-01-06,AMZH.TO,14.960000038146973,0.56,0.0374331549847619
2025-01-07,AMZH.TO,14.640000343322754,0.56,0.0382513652231855
2025-01-08,AMZH.TO,14.65999984741211,0.56,0.0381991818437061
2025-01-09,AMZH.TO,14.739999771118164,0.56,0.0379918594773165
2025-01-10,AMZH.TO,14.539999961853027,0.56,0.0385144430171395
2025-01-13,AMZH.TO,14.399999618530272,0.56,0.0388888899190926
2025-01-14,AMZH.TO,14.460000038146973,0.56,0.0387275241025354
2025-01-15,AMZH.TO,14.359999656677246,0.56,0.0389972154170356
2025-01-16,AMZH.TO,14.65999984741211,0.56,0.0381991818437061
2025-01-17,AMZH.TO,15.010000228881836,0.56,0.03730846045708
2025-01-20,AMZH.TO,15.0,0.56,0.0373333333333333
2025-01-21,AMZH.TO,15.229999542236328,0.56,0.0367695349200103
2025-01-22,AMZH.TO,15.510000228881836,0.56,0.0361057377005836
2025-01-23,AMZH.TO,15.449999809265137,0.56,0.0362459551400237
2025-01-24,AMZH.TO,15.369999885559082,0.56,0.0364346131535205
2025-01-27,AMZH.TO,15.399999618530272,0.56,0.0363636372643913
2025-01-28,AMZH.TO,15.68000030517578,0.56,0.0357142850191878
2025-01-29,AMZH.TO,15.640000343322754,0.56,0.0358056258124753
2025-01-30,AMZH.TO,15.59000015258789,0.56,0.035920461482936
2025-01-31,AMZH.TO,15.619999885559082,0.7000000000000001,0.0448143409173235
2025-02-03,AMZH.TO,15.699999809265137,0.7000000000000001,0.044585987802809
2025-02-04,AMZH.TO,15.699999809265137,0.7000000000000001,0.044585987802809
2025-02-05,AMZH.TO,15.359999656677246,0.7000000000000001,0.0455729176853007
2025-02-06,AMZH.TO,15.479999542236328,0.7000000000000001,0.0452196395800974
2025-02-07,AMZH.TO,15.0,0.7000000000000001,0.0466666666666666
2025-02-10,AMZH.TO,15.270000457763672,0.7000000000000001,0.0458415179446901
2025-02-11,AMZH.TO,15.1899995803833,0.7000000000000001,0.0460829505817758
2025-02-12,AMZH.TO,15.0,0.7000000000000001,0.0466666666666666
2025-02-13,AMZH.TO,14.93000030517578,0.7000000000000001,0.0468854645473336
2025-02-14,AMZH.TO,14.899999618530272,0.7000000000000001,0.0469798669745904
2025-02-18,AMZH.TO,14.640000343322754,0.7000000000000001,0.0478142065289819
2025-02-19,AMZH.TO,14.8100004196167,0.7000000000000001,0.0472653599032184
2025-02-20,AMZH.TO,14.5,0.7000000000000001,0.0482758620689655
2025-02-21,AMZH.TO,14.149999618530272,0.7000000000000001,0.0494699659979713
2025-02-24,AMZH.TO,14.0,0.7000000000000001,0.05
2025-02-25,AMZH.TO,14.0,0.7000000000000001,0.05
2025-02-26,AMZH.TO,14.125,0.7000000000000001,0.0495575221238938
2025-02-27,AMZH.TO,13.979999542236328,0.7000000000000001,0.0500715323977774
2025-02-28,AMZH.TO,13.970000267028809,0.8400000000000001,0.0601288463810927
2025-03-03,AMZH.TO,13.600000381469728,0.8400000000000001,0.0617647041498996
2025-03-04,AMZH.TO,13.649999618530272,0.8400000000000001,0.0615384632582462
2025-03-05,AMZH.TO,13.649999618530272,0.8400000000000001,0.0615384632582462
2025-03-06,AMZH.TO,13.06999969482422,0.8400000000000001,0.0642693205519082
2025-03-07,AMZH.TO,13.100000381469728,0.8400000000000001,0.0641221355373547
2025-03-10,AMZH.TO,12.850000381469728,0.8400000000000001,0.0653696478648605
2025-03-11,AMZH.TO,13.06999969482422,0.8400000000000001,0.0642693205519082
2025-03-12,AMZH.TO,13.09000015258789,0.8400000000000001,0.0641711222466206
2025-03-13,AMZH.TO,12.800000190734863,0.8400000000000001,0.0656249990221113
2025-03-14,AMZH.TO,13.0600004196167,0.8400000000000001,0.0643185277956257
2025-03-17,AMZH.TO,12.93000030517578,0.8400000000000001,0.064965195682459
2025-03-18,AMZH.TO,12.670000076293944,0.8400000000000001,0.0662983421422129
2025-03-19,AMZH.TO,12.81999969482422,0.8400000000000001,0.0655226224645801
2025-03-20,AMZH.TO,12.829999923706056,0.8400000000000001,0.0654715514415497
2025-03-21,AMZH.TO,12.93000030517578,0.8400000000000001,0.064965195682459
2025-03-24,AMZH.TO,13.3100004196167,0.8400000000000001,0.063110441286086
2025-03-25,AMZH.TO,13.390000343322754,0.8400000000000001,0.0627333815132339
2025-03-26,AMZH.TO,13.130000114440918,0.8400000000000001,0.0639756277744532
2025-03-27,AMZH.TO,13.25,0.8400000000000001,0.0633962264150943
2025-03-28,AMZH.TO,12.6899995803833,0.8400000000000001,0.0661938556167097
2025-03-31,AMZH.TO,12.470000267028809,0.98,0.0785886109875362
2025-04-01,AMZH.TO,12.5,0.98,0.0784
2025-04-02,AMZH.TO,12.81999969482422,0.98,0.0764430595420101
2025-04-03,AMZH.TO,11.539999961853027,0.98,0.0849220106793342
2025-04-04,AMZH.TO,11.199999809265137,0.98,0.0875000014901161
2025-04-07,AMZH.TO,11.350000381469728,0.98,0.0863436094328217
2025-04-08,AMZH.TO,11.109999656677246,0.98,0.0882088236079294
2025-04-09,AMZH.TO,12.260000228881836,0.98,0.0799347456528865
2025-04-10,AMZH.TO,11.59000015258789,0.98,0.0845556503104255
2025-04-11,AMZH.TO,11.699999809265137,0.98,0.0837606851261609
2025-04-14,AMZH.TO,11.579999923706056,0.98,0.0846286706784676
2025-04-15,AMZH.TO,11.470000267028809,0.98,0.0854402769995627
2025-04-16,AMZH.TO,11.039999961853027,0.98,0.0887681162487531
2025-04-17,AMZH.TO,10.989999771118164,0.98,0.0891719763794218
2025-04-21,AMZH.TO,10.68000030517578,0.98,0.0917602970034625
2025-04-22,AMZH.TO,11.020000457763672,0.98,0.0889292159066638
2025-04-23,AMZH.TO,11.510000228881836,0.98,0.0851433519124442
2025-04-24,AMZH.TO,11.760000228881836,0.98,0.0833333317114382
2025-04-25,AMZH.TO,11.90999984741211,0.98,0.0822837961843418
2025-04-28,AMZH.TO,11.800000190734863,0.98,0.0830508461151956
2025-04-29,AMZH.TO,11.829999923706056,0.98,0.0828402372206431
2025-04-30,AMZH.TO,11.479999542236328,1.12,0.0975609794999888
2025-05-01,AMZH.TO,11.890000343322754,1.12,0.0941968013170811
2025-05-02,AMZH.TO,11.850000381469728,1.12,0.0945147648899138
2025-05-05,AMZH.TO,11.670000076293944,1.12,0.0959725786356361
2025-05-06,AMZH.TO,11.5600004196167,1.12,0.0968858096319287
2025-05-07,AMZH.TO,11.81999969482422,1.12,0.0947546555767196
2025-05-08,AMZH.TO,12.039999961853027,1.12,0.093023256108684
2025-05-09,AMZH.TO,12.119999885559082,1.12,0.09240924179665
2025-05-12,AMZH.TO,12.899999618530272,1.12,0.086821707993787
2025-05-13,AMZH.TO,13.020000457763672,1.12,0.086021502351957
2025-05-14,AMZH.TO,12.949999809265137,1.12,0.086486487760308
2025-05-15,AMZH.TO,12.6899995803833,1.12,0.088258474155613
2025-05-16,AMZH.TO,12.770000457763672,1.12,0.0877055567620659
2025-05-20,AMZH.TO,12.649999618530272,1.12,0.0885375520770273
2025-05-21,AMZH.TO,12.420000076293944,1.12,0.0901771331014517
2025-05-22,AMZH.TO,12.600000381469728,1.12,0.0888888861977445
2025-05-23,AMZH.TO,12.34000015258789,1.12,0.0907617492828894
2025-05-26,AMZH.TO,12.609999656677246,1.12,0.0888184005149387
2025-05-27,AMZH.TO,12.640000343322754,1.12,0.0886075925299839
2025-05-28,AMZH.TO,12.649999618530272,1.12,0.0885375520770273
2025-05-29,AMZH.TO,12.640000343322754,1.12,0.0886075925299839
2025-05-30,AMZH.TO,12.399999618530272,1.2600000000000002,0.1016129063517941
2025-06-02,AMZH.TO,12.399999618530272,1.2600000000000002,0.1016129063517941
2025-06-03,AMZH.TO,12.449999809265137,1.2600000000000002,0.1012048208275733
2025-06-04,AMZH.TO,12.479999542236328,1.2600000000000002,0.1009615421647857
2025-06-05,AMZH.TO,12.529999732971191,1.2600000000000002,0.1005586613608986
2025-06-06,AMZH.TO,12.8100004196167,1.2600000000000002,0.0983606525157086
2025-06-09,AMZH.TO,12.970000267028809,1.2600000000000002,0.0971472609143317
2025-06-10,AMZH.TO,12.949999809265137,1.2600000000000002,0.0972972987303465
2025-06-11,AMZH.TO,12.760000228881836,1.2600000000000002,0.0987460797334495
2025-06-12,AMZH.TO,12.68000030517578,1.2600000000000002,0.0993690827819371
2025-06-13,AMZH.TO,12.630000114440918,1.2600000000000002,0.099762469404837
2025-06-16,AMZH.TO,12.84000015258789,1.2600000000000002,0.0981308399553288
2025-06-17,AMZH.TO,12.8100004196167,1.2600000000000002,0.0983606525157086
2025-06-18,AMZH.TO,12.789999961853027,1.2600000000000002,0.0985144647191578
2025-06-19,AMZH.TO,12.539999961853027,1.2600000000000002,0.1004784692051794
2025-06-20,AMZH.TO,12.6899995803833,1.2600000000000002,0.0992907834250647
2025-06-23,AMZH.TO,12.649999618530272,1.2600000000000002,0.0996047460866557
2025-06-24,AMZH.TO,12.93000030517578,1.2600000000000002,0.0974477935236886
2025-06-25,AMZH.TO,12.800000190734863,1.2600000000000002,0.0984374985331669
2025-06-26,AMZH.TO,13.010000228881836,1.2600000000000002,0.0968485763130761
2025-06-27,AMZH.TO,13.199999809265137,1.2600000000000002,0.0954545468338265
2025-06-30,AMZH.TO,12.979999542236328,1.4000000000000004,0.1078582472552841
2025-07-02,AMZH.TO,12.979999542236328,1.4000000000000004,0.1078582472552841
2025-07-03,AMZH.TO,13.100000381469728,1.4000000000000004,0.1068702258955911
2025-07-04,AMZH.TO,12.949999809265137,1.4000000000000004,0.108108109700385
2025-07-07,AMZH.TO,12.989999771118164,1.4000000000000004,0.1077752136002917
2025-07-08,AMZH.TO,13.010000228881836,1.4000000000000004,0.1076095292367512
2025-07-09,AMZH.TO,13.170000076293944,1.4000000000000004,0.106302201358374
2025-07-10,AMZH.TO,13.145000457763672,1.4000000000000004,0.1065043705778751
2025-07-11,AMZH.TO,13.31999969482422,1.4000000000000004,0.1051051075131782
2025-07-14,AMZH.TO,13.31999969482422,1.4000000000000004,0.1051051075131782
2025-07-15,AMZH.TO,13.40999984741211,1.4000000000000004,0.1043997029030671
2025-07-16,AMZH.TO,13.260000228881836,1.4000000000000004,0.1055806919935518
2025-07-17,AMZH.TO,13.34000015258789,1.4000000000000004,0.1049475250364526
2025-07-18,AMZH.TO,13.399999618530272,1.4000000000000004,0.1044776149145557
2025-07-21,AMZH.TO,13.489999771118164,1.4000000000000004,0.1037805799669006
2025-07-22,AMZH.TO,13.369999885559082,1.4000000000000004,0.1047120427811026
2025-07-23,AMZH.TO,13.369999885559082,1.4000000000000004,0.1047120427811026
2025-07-24,AMZH.TO,13.609999656677246,1.4000000000000004,0.1028655426389479
2025-07-25,AMZH.TO,13.65999984741211,1.4000000000000004,0.10248902017852
2025-07-28,AMZH.TO,13.760000228881836,1.4000000000000004,0.1017441843541137
2025-07-29,AMZH.TO,13.710000038146973,1.4000000000000004,0.1021152440630644
2025-07-30,AMZH.TO,13.720000267028809,1.4000000000000004,0.1020408143405366
2025-07-31,AMZH.TO,13.8100004196167,1.5400000000000005,0.1115133927014568
2025-08-01,AMZH.TO,12.850000381469728,1.5400000000000005,0.119844354418911
2025-08-05,AMZH.TO,12.75,1.5400000000000005,0.1207843137254902
2025-08-06,AMZH.TO,13.130000114440918,1.5400000000000005,0.1172886509198308
2025-08-07,AMZH.TO,13.170000076293944,1.5400000000000005,0.1169324214942114
2025-08-08,AMZH.TO,13.220000267028809,1.5400000000000005,0.116490164061556
2025-08-11,AMZH.TO,13.15999984741211,1.5400000000000005,0.1170212779525859
2025-08-12,AMZH.TO,13.210000038146973,1.5400000000000005,0.1165783493984019
2025-08-13,AMZH.TO,13.34000015258789,1.5400000000000005,0.1154422775400979
2025-08-14,AMZH.TO,13.789999961853027,1.5400000000000005,0.1116751272124777
2025-08-15,AMZH.TO,13.710000038146973,1.5400000000000005,0.1123267684693708
2025-08-18,AMZH.TO,13.739999771118164,1.5400000000000005,0.1120815156953001
2025-08-19,AMZH.TO,13.609999656677246,1.5400000000000005,0.1131520969028427
2025-08-20,AMZH.TO,13.449999809265137,1.5400000000000005,0.1144981428876422
2025-08-21,AMZH.TO,13.369999885559082,1.5400000000000005,0.1151832470592129
